user_id,user_type,first_name,last_name,email,phone_number,credit_card,exp_date,verification_code
QOD9T0ICCS,buyer,Ricky,Williams,kelli82@example.com,(460) 198-7384,3040064393663992,1982-08-19,097
TBIZ257WQA,both,Jonathan,Perkins,jessica56@example.net,(338) 767-7426,5248239677330578,2010-09-07,139
AAIFRC2R0Y,both,Dale,Thomas,adam04@example.net,(667) 415-1071,0023992619003777,2019-11-23,895
R6KLL1V0KK,both,Cynthia,Harris,cclarke@example.org,(488) 342-5676,1811684075058440,1981-09-27,553
JQQL637H2R,both,Jeremiah,Gill,lopezjohn@example.org,(979) 168-3497,7957192967736287,1981-06-14,402
LKU1J0WUH1,both,Kara,Christian,richardlara@example.net,(802) 769-8892,1510510238279976,1994-04-11,684
86P4QX1DBN,both,Brandon,Smith,fbrown@example.net,(773) 565-1441,7476237841225375,2009-06-06,139
L0LXOZT2X5,buyer,Stacey,Sawyer,lmunoz@example.org,(702) 682-7652,2593695247974261,1979-07-26,041
86D3DEKIJV,both,Ashley,Moreno,erin39@example.com,(020) 050-4419,2680865590392418,1995-02-19,776
L5UBBJ9SKB,both,Michael,Torres,sanchezmichael@example.com,(114) 074-8695,2518523422208954,2005-01-12,021
SUFCXQNM94,both,Ronald,Cross,kcline@example.org,(116) 921-8324,4266272181587524,2019-01-17,643
FDTGFKG2NL,buyer,Sylvia,Gallegos,alyssaking@example.com,(827) 906-7806,1407056901953951,1991-08-28,745
IPRWJK1YO6,both,Benjamin,Ryan,rortiz@example.com,(636) 671-1306,1927195592802711,1990-09-09,186
DPZPH7J9SD,both,Austin,Kaiser,achristensen@example.net,(240) 751-9380,7908735779866830,1981-09-02,318
U3D0ECAWTY,both,Cynthia,Banks,shawn27@example.org,(305) 371-0939,3732306111429531,1991-08-15,080
FRZBETXZ4R,buyer,Micheal,Stark,aimeeowen@example.org,(049) 576-4202,8762626970042611,1996-01-08,8348
YIYVRVZNBB,both,Jodi,Guerrero,schandler@example.org,(984) 203-2732,5582461124934970,1982-09-12,897
53AH94TKZH,both,Mark,Richardson,martin26@example.com,(782) 627-0548,1998965634989419,1999-11-19,663
4YFFB08X2D,both,Jennifer,Espinoza,tholmes@example.org,(503) 760-1280,9403611823360461,1998-05-14,163
UWOND3UBFM,buyer,Deborah,Walker,cwilliams@example.org,(186) 112-6631,9896357083046775,2013-06-02,641
CS8JXYJKCV,buyer,Donald,Myers,montgomeryjason@example.org,(484) 505-6858,5185273580226213,1970-08-16,703
26HD1ZCBEJ,buyer,Nancy,Mitchell,lorivillegas@example.com,(196) 075-3775,3612539485263837,1980-11-21,952
9WCU4R3SWL,both,Diane,West,srivers@example.net,(161) 196-2027,2872712437407836,1975-09-12,382
0Q6OGJGRRG,both,Chelsea,Moon,travis85@example.net,(309) 056-2505,9904282336247681,2010-05-19,9870
3NY81SWMBV,both,Natalie,Diaz,uponce@example.org,(206) 006-5972,9962500552599479,2010-11-13,694
IDV7WYC4EH,both,Donald,Melendez,thomas97@example.org,(598) 800-6372,8399362758118523,1989-05-20,8358
SYOUTPYZ4Q,both,Emily,Berg,mcdonalddenise@example.org,(654) 266-3026,2109705380793019,1971-08-11,323
VYP9DUSKLI,buyer,Douglas,Mcdaniel,jamesreyes@example.net,(572) 233-8275,7381120634853868,2005-02-18,7005
K1ME2DYPZE,buyer,Beth,Smith,darrenburke@example.com,(781) 513-7739,5157463447155853,1973-12-21,0782
0AOF88TF0M,both,Cindy,Williamson,bakertonya@example.net,(702) 966-7460,8751581583137892,1995-06-05,166
DB49X7R9FK,both,Brandon,Miller,adrian86@example.org,(084) 450-1339,4877471410979771,2006-01-12,883
RYCIQURK6V,buyer,Alisha,Holmes,hartjulie@example.com,(459) 872-7164,6668928604433059,1981-09-17,132
RR9TQ6XBM4,both,Christopher,Bradford,barkerchristopher@example.com,(586) 018-2433,0095336931400142,2011-03-25,626
1SI8AJQI50,both,Juan,Vargas,larsenbrandi@example.org,(106) 757-2818,3354709079824823,2008-12-17,982
KFHGD7H5T3,both,Susan,Smith,newtontyler@example.org,(949) 567-5885,9322601699787141,2015-03-26,826
1D8D2Z8LRW,buyer,Erin,Smith,rtucker@example.net,(759) 195-4072,8244397430825579,1989-05-28,294
YLH6GTRA9D,both,Catherine,Herman,ypearson@example.net,(886) 520-5742,0644896017116725,1972-08-23,609
VOXOMVD2LR,buyer,Cathy,Nelson,tracyeaton@example.org,(955) 379-2256,3041282673679132,2020-02-06,8432
5F1TMJ8ZHU,buyer,Taylor,Williams,frederickwhite@example.org,(924) 096-9086,5306051837222356,2015-09-03,026
I8HQ8U3J3N,both,Rachel,Fleming,amandaclark@example.net,(149) 181-3581,9198653974727069,2023-09-26,239
PNWYP7FVR0,both,James,Cummings,matthewrodriguez@example.net,(552) 187-0795,6169860893509793,1986-03-10,5772
FEKSKF3S9J,buyer,Christina,Morris,qglenn@example.com,(334) 767-5928,9332881389556935,2008-01-02,180
0FDEX0JBFY,both,Bradley,Mcdonald,caindaniel@example.net,(524) 165-5156,1508566777520358,2003-10-14,140
KV21G3B7KA,both,Christina,Woods,peggy45@example.org,(652) 376-8926,9877348115992056,2010-08-02,661
X5KB53L6K9,both,Christopher,Garcia,zhodges@example.org,(538) 071-3989,0462564056064781,2005-06-10,282
83TPEDZCKP,buyer,Teresa,Kelly,joe59@example.com,(768) 356-0503,5442152378912656,2011-08-31,812
IYOB2A4P0X,both,April,Olson,dustin31@example.org,(538) 840-1545,4736326463988694,2020-06-20,000
Q6LJ38I383,both,Justin,Porter,hortonchristine@example.com,(910) 639-9978,7547053202076800,1997-04-24,288
QFF7FUCXCY,both,Garrett,Rivera,crystaledwards@example.net,(223) 569-5803,7376533669202972,1987-12-04,085
5PFN8FVVYI,both,Kristen,Brown,jill80@example.org,(208) 167-1814,9692833938851009,2001-04-02,579
1ZV4J4FO3Y,both,Joseph,Durham,carrillokimberly@example.net,(116) 995-1562,0546305580157316,1994-09-02,217
KF31K6ETPA,both,Travis,Gonzalez,mvasquez@example.com,(286) 729-2702,1665072555416432,1974-02-06,778
QA7XBKKT25,buyer,Samantha,Perry,robertjohnson@example.com,(118) 030-7832,1426516884659890,2015-07-02,685
S1D844SUK2,buyer,Anthony,Woods,jessica19@example.com,(000) 580-3321,0403685781176459,1987-07-18,997
8IEZZSU3RP,both,Joshua,Miller,lambertrebecca@example.org,(253) 696-0401,9735433428034880,2020-07-10,9898
6LD1BP8428,buyer,Brian,Wilson,russellmccullough@example.net,(970) 224-4760,6856772147065802,1984-09-30,439
ZNYSW2SMV0,both,Kathy,Johnson,gprince@example.net,(389) 157-3534,1750169420662190,1979-08-05,087
BUAQZJPC4X,both,Heather,Griffith,olewis@example.net,(702) 074-4210,8059339244070025,1977-05-21,243
N1TSHTRNOB,both,Brooke,Gardner,brendansullivan@example.net,(660) 191-5744,1867865661616199,1978-05-29,087
DDW3A20J2Z,both,Mary,Mcconnell,jacobanderson@example.com,(993) 813-6525,6117805602290475,2019-11-06,012
YD6T82NNBV,both,Christopher,Smith,wendyriley@example.net,(346) 328-1556,4784283260678251,1982-10-28,130
9LAOT7UPPU,buyer,Matthew,Butler,jeffrey31@example.org,(413) 087-0243,0147431296526555,1996-06-10,882
WBIRH7TMST,buyer,John,Hill,abradley@example.org,(489) 359-8818,0333786875806586,1996-08-25,979
9P11WZ1FE0,buyer,James,Harvey,dlowe@example.org,(528) 994-3332,6488046000126239,2000-12-25,2059
TIJNB6B28W,both,Stephen,Alexander,esparzascott@example.com,(927) 214-3201,1773854394174653,1989-01-17,947
DW5LDJOQHJ,buyer,Victor,Galvan,paigegilmore@example.com,(634) 031-2792,1765567929546680,1986-11-15,871
P1IPCE99M7,buyer,Megan,Lucas,mariabutler@example.net,(812) 467-1714,0681674873802514,1978-09-05,885
92NUL6X3F0,buyer,Paige,Robertson,rachel59@example.com,(486) 143-5547,8490014857684998,2008-07-16,776
NJIYL5JXOP,buyer,Jennifer,Obrien,sharisnyder@example.org,(580) 661-3185,5263941057995700,1979-01-03,907
KXB7PMG2QJ,both,Victoria,Jones,katherinemoore@example.org,(567) 322-3045,0505563143855042,1978-10-09,563
E6940VJ444,both,Kimberly,Hernandez,garciajessica@example.net,(943) 368-5320,8123351596001084,2020-12-17,037
C3M62LUPWF,both,Alison,Stewart,chavezanthony@example.com,(256) 449-9163,3314528860215659,2006-07-26,584
MLHI84I0LS,buyer,Luis,Moore,jessica21@example.org,(374) 009-5696,3621995864770208,1980-08-30,607
K1D9BR29CN,both,William,Murray,mayssean@example.net,(017) 756-6617,7298114448210597,2001-04-05,072
RNSICHYYAU,both,Caitlyn,Griffin,howardjennifer@example.com,(762) 806-7130,9486205869815827,1984-10-26,163
OLN2VDCZOO,buyer,Jimmy,Blanchard,hendersontiffany@example.org,(538) 332-6879,8648804320677539,1979-08-19,740
PYCBDFY1UU,buyer,Suzanne,Hubbard,danielmartin@example.org,(497) 838-3158,4731564366414208,1993-12-27,399
0EZXEJ43G2,both,Jennifer,Graham,jennifer53@example.com,(064) 651-9350,3309318614573790,2011-04-30,738
KQCEHN9MUY,buyer,Cory,Rice,paulabrown@example.net,(560) 432-8512,3202482759342416,2019-06-21,129
Q1DYHKNORM,both,Jack,Berger,steven69@example.com,(724) 459-6837,0728532529377539,1978-05-25,284
BHLN39ZIGE,buyer,Danielle,Roach,rdavis@example.com,(493) 773-8681,5494872662544472,1992-03-16,730
ZRAMN6ZZE2,both,Christian,Jackson,thomasryan@example.com,(130) 080-5384,9653499447725621,2004-09-19,980
UY44UVX827,both,Margaret,Dalton,williamstabitha@example.org,(961) 901-4403,8836798207645919,1998-11-22,227
KU9HNHGM04,both,Michael,Mitchell,thomasgreene@example.com,(995) 076-7130,0119214621044518,1989-09-03,972
34NRCEAOU7,buyer,Jesse,Williamson,fgibson@example.com,(027) 309-6602,0068075969448747,1976-10-23,942
U4FOWW33Z9,both,John,Garcia,lwatson@example.net,(724) 716-8961,3479608032640926,1989-08-09,562
JJUSDKINKQ,buyer,Tyler,Smith,cynthiaday@example.net,(009) 308-0562,1080926317697602,1990-07-31,8734
GS1MZ2QHMN,both,Meghan,Armstrong,allisonrobinson@example.org,(118) 230-8930,4863896989980580,1989-04-03,493
9GFZ6GH95G,both,Jason,Moss,zcross@example.org,(995) 660-4209,1495871525640686,2020-08-19,837
8JA3ZCEBT5,both,Tiffany,Carlson,bolson@example.org,(364) 420-9989,2289532511832302,2003-09-12,726
Y9WKNFEXMM,buyer,Ethan,Montes,othompson@example.net,(858) 191-8023,9988416801320493,2007-10-08,516
LC3CD2TGFJ,both,David,Johnson,pattyjones@example.org,(420) 935-6942,3706966151386343,2010-07-31,814
CG4QNN0W5K,both,Matthew,Wall,uperez@example.net,(323) 609-9900,0222007817695369,2022-06-12,061
WO84VTTPOV,both,Marcus,Soto,michaelmarshall@example.com,(232) 843-1853,4681199449184930,1980-05-08,054
6OLDLAEH3Z,both,Rebecca,Smith,christyanderson@example.net,(035) 311-1640,6031058817501397,1995-01-05,076
5OCXZ0SB8V,both,Patricia,Brown,reesederek@example.org,(515) 368-2591,9541134057889501,2002-04-18,128
6MWEQJJB9I,buyer,Travis,Bennett,timothy57@example.net,(097) 672-9719,3867908042753030,2021-09-04,683
XETQGLZAA2,buyer,Jennifer,Downs,jameswilliam@example.net,(769) 324-8680,6859658671617236,1982-07-14,732
WDKBMASXI5,both,Sheila,Cabrera,andreathomas@example.org,(179) 775-1287,3088740750652468,2000-02-28,716
QEKV2YLTJ8,buyer,Timothy,Cummings,rbaker@example.net,(005) 739-3065,5585799073424467,1987-11-30,509
