listing_id,user_id
JSCZPA4LN5,QOD9T0ICCS
F22H3AT0M8,TBIZ257WQA
NQC45K1C11,AAIFRC2R0Y
AGGDOB63YT,R6KLL1V0KK
IGZ7Y2FFRK,JQQL637H2R
2Z6SFNW9AB,LKU1J0WUH1
DJ5MDZ7OPF,86P4QX1DBN
G02RY8VKKU,L0LXOZT2X5
TVXLHS46XT,86D3DEKIJV
Z9T1MHF3AZ,L5UBBJ9SKB
WIPY9KV309,SUFCXQNM94
98B1JQETQ2,FDTGFKG2NL
2TVYXDU4SQ,IPRWJK1YO6
STC2CG19HX,DPZPH7J9SD
9F9AKXYMXI,U3D0ECAWTY
KCACY8I175,FRZBETXZ4R
30EBV4AAY3,YIYVRVZNBB
7O4HOKOQ7B,53AH94TKZH
ZFHLEIK86K,4YFFB08X2D
D8L3D3DT1D,UWOND3UBFM
5JBXUE67ET,CS8JXYJKCV
JQB4R0WGJY,26HD1ZCBEJ
JS6TMTI8NM,9WCU4R3SWL
U7EQQ12ATW,0Q6OGJGRRG
AMII96THXX,3NY81SWMBV
IW9E0LVZ9J,IDV7WYC4EH
J74D9T03FN,SYOUTPYZ4Q
P1V3AGOQJ9,VYP9DUSKLI
K578YCPDFO,K1ME2DYPZE
4GWNM4M0DR,0AOF88TF0M
ZVSPJ2WFQ8,DB49X7R9FK
DPYGWXG9E4,RYCIQURK6V
A77I3IOZXG,RR9TQ6XBM4
HA8T9TN224,1SI8AJQI50
6GEZVTQ4LM,KFHGD7H5T3
LLI6O27B8U,1D8D2Z8LRW
F1FNMMN93S,YLH6GTRA9D
3CG9Q8KTRM,VOXOMVD2LR
CTCNM39UFH,5F1TMJ8ZHU
0I36HJH9V8,I8HQ8U3J3N
HTIXDH6LG2,PNWYP7FVR0
XLOOJ3K2TM,FEKSKF3S9J
RLJGSRM500,0FDEX0JBFY
PPDEPPHACD,KV21G3B7KA
RFGU85LFRD,X5KB53L6K9
G9WG0OLCM9,83TPEDZCKP
M0MREXL689,IYOB2A4P0X
F95UE48K40,Q6LJ38I383
KPQ7SSFFSS,QFF7FUCXCY
GRHASRDFTY,5PFN8FVVYI
VVMED2S1R5,1ZV4J4FO3Y
T464QRTPEC,KF31K6ETPA
MS0T8CFIXJ,QA7XBKKT25
ACAEK4GTWS,S1D844SUK2
3KGICQYVRG,8IEZZSU3RP
M0XMBKF23C,6LD1BP8428
EZHV9TTN3Y,ZNYSW2SMV0
W5ZI3MPU56,BUAQZJPC4X
FD4W0H1G8O,N1TSHTRNOB
50UR8HLJQB,DDW3A20J2Z
ZSBOXOD07V,YD6T82NNBV
QJICRB9W1C,9LAOT7UPPU
QGC036NWZ1,WBIRH7TMST
GKEC48LJQV,9P11WZ1FE0
U3KAEYBFQ7,TIJNB6B28W
PWCYEWS3U1,DW5LDJOQHJ
4TU2JWMO7V,P1IPCE99M7
5DLMLXV6K3,92NUL6X3F0
TSVCF1EC8P,NJIYL5JXOP
WTURAYENE1,KXB7PMG2QJ
OR2HLCBPVV,E6940VJ444
SM9W3MH0IF,C3M62LUPWF
83YIXCGDG8,MLHI84I0LS
57QIAJ11F3,K1D9BR29CN
6L7JQZSX1G,RNSICHYYAU
1W0FVPSRWW,OLN2VDCZOO
D7TBS3RK1R,PYCBDFY1UU
EZMWFM8PR5,0EZXEJ43G2
5O1O0II5YA,KQCEHN9MUY
GD39FAFV9K,Q1DYHKNORM
HB1YO4ZFUX,BHLN39ZIGE
O5KYHDLBXT,ZRAMN6ZZE2
VIT16XT73A,UY44UVX827
4OUE4IRQHF,KU9HNHGM04
118S5TDSRC,34NRCEAOU7
X6XMMHDTNL,U4FOWW33Z9
8WNDQB7OFW,JJUSDKINKQ
ZAH8FNUMQK,GS1MZ2QHMN
6EH5FBXS1Z,9GFZ6GH95G
4R23SHH2ZZ,8JA3ZCEBT5
JUGKW23R3I,Y9WKNFEXMM
EEUYT3Z1RR,LC3CD2TGFJ
R0Y05UZ6T0,CG4QNN0W5K
98RUPW92PI,WO84VTTPOV
0VZKMJ350O,6OLDLAEH3Z
854HOFT612,5OCXZ0SB8V
BGS3PZXT4F,6MWEQJJB9I
NMAJH7KRQ7,XETQGLZAA2
Q7ISH3JICT,WDKBMASXI5
BRX8ZBMJ2M,QEKV2YLTJ8
