user_id,user_type,first_name,last_name,email,phone_number
QOD9T0ICCS,both,Edgar,Smith,pearsonkristine@example.net,(539) 685-0117
TBIZ257WQA,seller,Emily,Garcia,kevin51@example.net,(421) 128-3354
AAIFRC2R0Y,seller,Stephanie,Cole,dingram@example.net,(923) 641-9899
R6KLL1V0KK,seller,Charles,Anderson,josephcontreras@example.com,(503) 882-9432
JQQL637H2R,both,Diamond,Peterson,thunter@example.net,(239) 859-2827
LKU1J0WUH1,both,Jake,Moss,ashley52@example.net,(374) 095-0845
86P4QX1DBN,seller,Brandon,Cox,helenfischer@example.net,(016) 978-3018
L0LXOZT2X5,both,Jay,Butler,christophertaylor@example.net,(671) 783-3029
86D3DEKIJV,both,Jessica,Wade,zhill@example.org,(035) 615-4129
L5UBBJ9SKB,both,Chris,Mccoy,flowerssarah@example.net,(191) 775-9666
SUFCXQNM94,both,Alexandra,Espinoza,qwood@example.com,(938) 329-3574
FDTGFKG2NL,both,Victoria,Hines,christopheraguilar@example.org,(411) 716-1112
IPRWJK1YO6,both,Nicole,Allen,leahirwin@example.org,(333) 841-6144
DPZPH7J9SD,both,Angela,Garcia,vbowers@example.org,(919) 108-6726
U3D0ECAWTY,seller,Robert,Fitzgerald,christina05@example.com,(498) 308-4614
FRZBETXZ4R,both,Robert,Perkins,katrinasanders@example.com,(390) 891-1172
YIYVRVZNBB,both,Dustin,Perez,melissarich@example.net,(643) 779-7611
53AH94TKZH,both,Angelica,Brown,obennett@example.net,(819) 282-5570
4YFFB08X2D,seller,Donald,Hutchinson,normanloretta@example.org,(036) 942-4423
UWOND3UBFM,both,Luke,Davis,benjamin11@example.org,(582) 628-2962
CS8JXYJKCV,both,Elizabeth,Wang,christinaarmstrong@example.com,(503) 198-9889
26HD1ZCBEJ,both,Joshua,Arnold,mgraham@example.org,(334) 897-3268
9WCU4R3SWL,seller,Michael,Thomas,brittneyscott@example.org,(964) 022-3822
0Q6OGJGRRG,seller,Anthony,Thompson,ppowell@example.com,(014) 309-0071
3NY81SWMBV,seller,Charles,Hall,williamssharon@example.org,(289) 167-9354
IDV7WYC4EH,both,Whitney,Collins,cthomas@example.com,(415) 474-1376
SYOUTPYZ4Q,both,Mitchell,Park,ryan81@example.com,(892) 881-9432
VYP9DUSKLI,both,Samantha,Flores,erik49@example.com,(522) 956-6338
K1ME2DYPZE,both,James,Mcneil,tommysmith@example.org,(183) 819-1953
0AOF88TF0M,seller,Christian,King,sarah16@example.net,(632) 284-8429
DB49X7R9FK,seller,Linda,Randall,lyoung@example.com,(586) 402-5382
RYCIQURK6V,both,Marisa,Lara,boonewilliam@example.net,(653) 053-1650
RR9TQ6XBM4,both,John,Christensen,xwilliams@example.org,(605) 845-4675
1SI8AJQI50,seller,Brenda,Ortiz,kenneth49@example.com,(137) 112-2988
KFHGD7H5T3,both,Jennifer,Tate,kimpatel@example.net,(820) 897-1852
1D8D2Z8LRW,both,Juan,Lee,jonathanbyrd@example.com,(217) 426-7983
YLH6GTRA9D,seller,Helen,Hernandez,jennifer86@example.net,(986) 837-6803
VOXOMVD2LR,both,Hannah,Mcdaniel,matthewtorres@example.org,(611) 630-3360
5F1TMJ8ZHU,both,Richard,Le,lisadavis@example.com,(153) 134-2109
I8HQ8U3J3N,both,Katherine,Edwards,sandovalalex@example.org,(334) 329-4877
PNWYP7FVR0,both,Amy,Buckley,patrick59@example.net,(356) 345-3391
FEKSKF3S9J,both,Andrea,Smith,hillrhonda@example.org,(971) 248-0064
0FDEX0JBFY,seller,Kenneth,White,corozco@example.com,(536) 798-8312
KV21G3B7KA,both,Jordan,Jensen,robin20@example.com,(256) 337-9483
X5KB53L6K9,seller,Brandy,Lam,anthonypalmer@example.com,(779) 116-8438
83TPEDZCKP,both,Adam,Dyer,maryyang@example.com,(894) 669-7938
IYOB2A4P0X,both,Angela,Gomez,kevin14@example.org,(991) 239-2861
Q6LJ38I383,seller,Rachel,Campbell,uthomas@example.com,(256) 481-3838
QFF7FUCXCY,both,Devin,Obrien,mccoylinda@example.com,(892) 367-9793
5PFN8FVVYI,seller,Melissa,Carter,ujordan@example.net,(969) 061-1754
1ZV4J4FO3Y,both,David,Martin,baxtereric@example.com,(695) 692-5455
KF31K6ETPA,seller,Lauren,Palmer,john57@example.net,(826) 557-4203
QA7XBKKT25,both,Sheila,Greene,nathanielscott@example.org,(048) 073-9340
S1D844SUK2,both,Phillip,Walker,pamela93@example.net,(778) 337-0795
8IEZZSU3RP,seller,Alyssa,Tran,joneskimberly@example.org,(057) 217-1781
6LD1BP8428,both,Sarah,Harvey,richard02@example.com,(335) 432-7056
ZNYSW2SMV0,both,Ashley,Lozano,wcollier@example.net,(241) 796-1401
BUAQZJPC4X,seller,Kimberly,Mccarthy,jamesjones@example.org,(148) 542-7411
N1TSHTRNOB,both,Billy,Galloway,gilljohn@example.net,(590) 486-2031
DDW3A20J2Z,both,Kristi,Jones,johnsontiffany@example.org,(535) 750-9662
YD6T82NNBV,both,Robert,Gibson,angela49@example.net,(107) 859-6563
9LAOT7UPPU,both,Lauren,Russo,michaelwalsh@example.net,(299) 473-1733
WBIRH7TMST,both,Sarah,Roy,bensondenise@example.org,(439) 267-4190
9P11WZ1FE0,both,James,Coleman,rickywagner@example.net,(451) 103-9595
TIJNB6B28W,seller,Garrett,Martinez,chelseafranklin@example.com,(974) 414-7245
DW5LDJOQHJ,both,Arthur,Franco,eclark@example.org,(475) 848-9743
P1IPCE99M7,both,Courtney,Miller,james20@example.org,(328) 977-7959
92NUL6X3F0,both,Jessica,Wu,ajones@example.org,(134) 981-0166
NJIYL5JXOP,both,Joseph,Young,kerrkyle@example.com,(864) 529-1104
KXB7PMG2QJ,seller,Anthony,Mcclain,ksimon@example.net,(139) 346-1768
E6940VJ444,both,Kathleen,Brown,jonathanbates@example.org,(911) 915-5688
C3M62LUPWF,seller,Jason,Johnson,hbarrett@example.net,(170) 993-9303
MLHI84I0LS,both,Jacqueline,Olson,matthewcunningham@example.net,(698) 824-4273
K1D9BR29CN,seller,Frank,Richardson,gary24@example.org,(993) 491-8143
RNSICHYYAU,both,Samuel,Harrison,usteele@example.net,(400) 037-2294
OLN2VDCZOO,both,Angela,Hill,shaunlang@example.org,(523) 995-7562
PYCBDFY1UU,both,Matthew,Chapman,smithanthony@example.org,(298) 981-2383
0EZXEJ43G2,seller,Aaron,Williams,brownjohn@example.org,(905) 382-7726
KQCEHN9MUY,both,Devin,Lowe,daniel73@example.com,(393) 470-3168
Q1DYHKNORM,seller,Amanda,Clark,zmiller@example.com,(170) 265-2755
BHLN39ZIGE,both,Danielle,Goodwin,glambert@example.org,(386) 411-7817
ZRAMN6ZZE2,seller,Tasha,Brown,ramirezedward@example.com,(530) 085-6895
UY44UVX827,seller,Kathy,Mooney,lpollard@example.net,(455) 587-9414
KU9HNHGM04,seller,Jacob,Freeman,donnamoore@example.org,(961) 935-1478
34NRCEAOU7,both,John,Armstrong,tanyapage@example.com,(945) 067-7385
U4FOWW33Z9,seller,Amy,Gonzalez,sullivanvictor@example.org,(952) 192-6507
JJUSDKINKQ,both,Brittany,Cochran,starkbenjamin@example.com,(442) 154-5909
GS1MZ2QHMN,seller,Travis,Martinez,jesse59@example.com,(075) 148-0456
9GFZ6GH95G,both,Erika,Beard,robert85@example.com,(097) 368-1860
8JA3ZCEBT5,seller,Allison,Young,webballison@example.org,(939) 432-7521
Y9WKNFEXMM,both,Joan,Hamilton,michaelleonard@example.org,(137) 626-9828
LC3CD2TGFJ,seller,Scott,Jones,marksjoseph@example.com,(042) 029-2013
CG4QNN0W5K,both,Crystal,Walton,kari04@example.com,(110) 549-9619
WO84VTTPOV,seller,Timothy,Carter,stacey45@example.org,(620) 509-7132
6OLDLAEH3Z,seller,Elizabeth,Mitchell,hrodriguez@example.com,(597) 072-0068
5OCXZ0SB8V,both,Derrick,Bean,omar56@example.org,(262) 613-0200
6MWEQJJB9I,both,Taylor,Miller,jblankenship@example.net,(421) 751-6105
XETQGLZAA2,both,Claire,Hall,fredchoi@example.net,(880) 515-8545
WDKBMASXI5,both,Jason,Figueroa,ryan61@example.com,(116) 766-7272
QEKV2YLTJ8,both,Roy,Myers,hinesrichard@example.com,(557) 091-5938
